sku_nbr,sku_name,sub_class,status,n_months,best_model_type,best_avg_mape,best_fold_mapes,n_successful_folds,best_params,n_candidate_models
142559,3/4_PVC_PTRAP_SPGXSPG,026-001-003-PVC FITTINGS,forecasted,38,prophet,5.799692050401887,"[np.float64(5.5565330222165334), np.float64(13.058431206761925), np.float64(1.6548242955967538), np.float64(2.9289796770323386)]",4,"{'changepoint_prior_scale': 0.1, 'seasonality_prior_scale': 5.0, 'seasonality_mode': 'multiplicative'}",26
144745,1/2X3/4_PVC_FEMALE_ADAPTER_SXFPT,026-001-003-PVC FITTINGS,forecasted,38,prophet,11.978397726047756,"[np.float64(20.92014694750395), np.float64(5.640265251842205), np.float64(12.275684110267816), np.float64(9.077494594577058)]",4,"{'changepoint_prior_scale': 0.05, 'seasonality_prior_scale': 10.0, 'seasonality_mode': 'additive'}",26
145587,11/2_ABS_CAP_HUB,026-001-005-ABS FITTINGS,forecasted,38,prophet,3.3621930427449724,"[np.float64(6.367355920621849), np.float64(4.01440692134019), np.float64(1.7655432673035831), np.float64(1.3014660617142666)]",4,"{'changepoint_prior_scale': 0.1, 'seasonality_prior_scale': 10.0, 'seasonality_mode': 'additive'}",26
145590,2_ABS_CAP_HUB,026-001-005-ABS FITTINGS,forecasted,38,prophet,2.092832347532005,"[np.float64(2.876492993401218), np.float64(0.7020941689509966), np.float64(2.8330566356361544), np.float64(1.9596855921396514)]",4,"{'changepoint_prior_scale': 0.05, 'seasonality_prior_scale': 10.0, 'seasonality_mode': 'multiplicative'}",26
161038,1/2_CPVC_EL_90_DEG_SXS_10_PACK,026-001-013-CPVC FITTINGS,forecasted,38,SARIMA,6.3332074113599965,"[np.float64(8.326150589644827), np.float64(3.958376951535382), np.float64(3.861772932768173), np.float64(9.186529171491602)]",4,"{'order': (1, 1, 1), 'seasonal_order': (0, 1, 0, 12)}",26
173065,2_ABS_EL_90_DEG_STREET_HXSPG,026-001-005-ABS FITTINGS,forecasted,38,prophet,2.8141638759854493,"[np.float64(3.3467649041865712), np.float64(1.9999874403851103), np.float64(2.3489812141490307), np.float64(3.560921945221084)]",4,"{'changepoint_prior_scale': 0.1, 'seasonality_prior_scale': 1.0, 'seasonality_mode': 'multiplicative'}",26
187658,1/2_CPVC_TEE_SXSXS,026-001-013-CPVC FITTINGS,forecasted,38,SARIMA,7.042979300877774,"[np.float64(11.188627308249293), np.float64(4.665930289613299), np.float64(7.08262581471414), np.float64(5.234733790934367)]",4,"{'order': (0, 1, 1), 'seasonal_order': (0, 1, 1, 12)}",26
187666,3/4_CPVC_TEE_SXSXS,026-001-013-CPVC FITTINGS,forecasted,38,SARIMA,5.635898581290235,"[np.float64(9.320584427367198), np.float64(2.62111314982794), np.float64(5.094374911528065), np.float64(5.507521836437734)]",4,"{'order': (0, 1, 1), 'seasonal_order': (0, 1, 0, 12)}",26
187674,1/2_CPVC_EL_90_DEG_SXS,026-001-013-CPVC FITTINGS,forecasted,38,SARIMA,7.3356622745835445,"[np.float64(6.100409141216376), np.float64(4.7173617167180115), np.float64(7.9689645505189795), np.float64(10.555913689880809)]",4,"{'order': (1, 1, 1), 'seasonal_order': (0, 1, 1, 12)}",26
187682,3/4_CPVC_EL_90_DEG_SXS,026-001-013-CPVC FITTINGS,forecasted,38,prophet,8.575688867716712,"[np.float64(18.49367090290012), np.float64(4.988516608474644), np.float64(6.600729485566735), np.float64(4.219838473925348)]",4,"{'changepoint_prior_scale': 0.01, 'seasonality_prior_scale': 1.0, 'seasonality_mode': 'multiplicative'}",26
187690,1/2_CPVC_EL_45_DEG_SXS,026-001-013-CPVC FITTINGS,forecasted,38,SARIMA,10.537679305028332,"[np.float64(5.280030595435878), np.float64(6.465008826606318), np.float64(3.8400744186704903), np.float64(26.565603379400642)]",4,"{'order': (1, 1, 0), 'seasonal_order': (0, 1, 0, 12)}",26
187704,3/4_CPVC_EL_45_DEG_SXS,026-001-013-CPVC FITTINGS,forecasted,38,SARIMA,5.376478677938094,"[np.float64(6.093554109202063), np.float64(3.7240832099339176), np.float64(1.7344666557270179), np.float64(9.953810736889375)]",4,"{'order': (0, 1, 1), 'seasonal_order': (0, 1, 0, 12)}",26
187712,1/2_CPVC_COUPLING_SXS,026-001-013-CPVC FITTINGS,forecasted,38,SARIMA,6.247747105266984,"[np.float64(5.321450563289479), np.float64(0.9938955753407247), np.float64(4.742692531745199), np.float64(13.932949750692533)]",4,"{'order': (0, 1, 1), 'seasonal_order': (0, 1, 0, 12)}",26
187720,3/4_CPVC_COUPLING_SXS,026-001-013-CPVC FITTINGS,forecasted,38,SARIMA,5.113990995889093,"[np.float64(8.045412027633079), np.float64(2.3040996493148507), np.float64(1.8031206638333668), np.float64(8.303331642775076)]",4,"{'order': (0, 1, 1), 'seasonal_order': (0, 1, 0, 12)}",26
187739,1/2_CPVC_MALE_ADAPTER_SXMPT,026-001-013-CPVC FITTINGS,forecasted,38,SARIMA,4.755257729316423,"[np.float64(5.552351119039914), np.float64(1.4275216829644564), np.float64(4.520635833648457), np.float64(7.520522281612864)]",4,"{'order': (1, 1, 1), 'seasonal_order': (0, 1, 0, 12)}",26
187747,3/4_CPVC_MALE_ADAPTER_SXMPT,026-001-013-CPVC FITTINGS,forecasted,38,SARIMA,5.827186900212509,"[np.float64(7.344838380814698), np.float64(6.7603174980729), np.float64(5.379224158838325), np.float64(3.8243675631241127)]",4,"{'order': (0, 1, 1), 'seasonal_order': (0, 1, 0, 12)}",26
187755,3/4X1/2_CPVC_COUPLING_SXS,026-001-013-CPVC FITTINGS,forecasted,38,SARIMA,7.668548386647956,"[np.float64(7.441224555731857), np.float64(7.47993540046812), np.float64(4.955028788103264), np.float64(10.79800480228858)]",4,"{'order': (0, 1, 1), 'seasonal_order': (0, 1, 0, 12)}",26
187763,1/2_CPVC_CAP_SLIP,026-001-013-CPVC FITTINGS,forecasted,38,SARIMA,6.9519427683637804,"[np.float64(11.985725614642465), np.float64(1.771485613194167), np.float64(4.559007659836001), np.float64(9.49155218578249)]",4,"{'order': (1, 1, 1), 'seasonal_order': (0, 1, 1, 12)}",26
187771,3/4_CPVC_CAP_SLIP,026-001-013-CPVC FITTINGS,forecasted,38,prophet,7.0049949225437045,"[np.float64(9.343606371071656), np.float64(10.171659126696026), np.float64(1.0972019826717259), np.float64(7.407512209735407)]",4,"{'changepoint_prior_scale': 0.05, 'seasonality_prior_scale': 1.0, 'seasonality_mode': 'additive'}",26
187909,1/2_PVC_TEE_SXSXS,026-001-003-PVC FITTINGS,forecasted,38,prophet,11.419646285155384,"[np.float64(22.299048535314647), np.float64(3.456082710758659), np.float64(10.569843535123107), np.float64(9.35361035942513)]",4,"{'changepoint_prior_scale': 0.01, 'seasonality_prior_scale': 10.0, 'seasonality_mode': 'multiplicative'}",26
187917,3/4_PVC_TEE_SXSXS,026-001-003-PVC FITTINGS,forecasted,38,prophet,7.298944463987498,"[np.float64(8.721911651365327), np.float64(7.606903756224305), np.float64(7.724016353387721), np.float64(5.142946094972639)]",4,"{'changepoint_prior_scale': 0.01, 'seasonality_prior_scale': 1.0, 'seasonality_mode': 'additive'}",26
187925,1_PVC_TEE_SXSXS,026-001-003-PVC FITTINGS,forecasted,38,SARIMA,6.680030449594648,"[np.float64(2.6595759006317983), np.float64(14.496002687330426), np.float64(3.6371447196218756), np.float64(5.9273984907944905)]",4,"{'order': (0, 1, 1), 'seasonal_order': (0, 1, 0, 12)}",26
187941,3/4_PVC_TEE_SXSXFPT,026-001-003-PVC FITTINGS,forecasted,38,prophet,10.39385577541171,"[np.float64(30.752519731578797), np.float64(2.5830828649634907), np.float64(3.515030543595082), np.float64(4.724789961509473)]",4,"{'changepoint_prior_scale': 0.01, 'seasonality_prior_scale': 1.0, 'seasonality_mode': 'additive'}",26
187968,1/2_PVC_EL_90D_SXS,026-001-003-PVC FITTINGS,forecasted,38,prophet,7.628372224339653,"[np.float64(16.15458485009109), np.float64(3.046643515417891), np.float64(7.627661264394947), np.float64(3.6845992674546864)]",4,"{'changepoint_prior_scale': 0.01, 'seasonality_prior_scale': 5.0, 'seasonality_mode': 'multiplicative'}",26
187976,3/4_PVC_EL_90D_SXS,026-001-003-PVC FITTINGS,forecasted,38,prophet,6.88059488900537,"[np.float64(11.602122161621987), np.float64(8.889178609648289), np.float64(5.059650460596387), np.float64(1.971428324154818)]",4,"{'changepoint_prior_scale': 0.01, 'seasonality_prior_scale': 5.0, 'seasonality_mode': 'multiplicative'}",26
187984,1_PVC_EL_90D_SXS,026-001-003-PVC FITTINGS,forecasted,38,prophet,3.3434350066775784,"[np.float64(4.672803735912373), np.float64(2.7414796342977876), np.float64(2.9779367980208775), np.float64(2.981519858479276)]",4,"{'changepoint_prior_scale': 0.01, 'seasonality_prior_scale': 5.0, 'seasonality_mode': 'additive'}",26
187992,3/4_PVC_EL_90D_SXFPT,026-001-003-PVC FITTINGS,forecasted,38,prophet,9.214394272813298,"[np.float64(21.32277536255325), np.float64(2.2823964061208435), np.float64(6.940725272830532), np.float64(6.3116800497485706)]",4,"{'changepoint_prior_scale': 0.01, 'seasonality_prior_scale': 10.0, 'seasonality_mode': 'multiplicative'}",26
188018,1/2_PVC_EL_45D_SXS,026-001-003-PVC FITTINGS,forecasted,38,SARIMA,6.7127380832495245,"[np.float64(8.896409681496614), np.float64(8.712669318779497), np.float64(2.5892625429969818), np.float64(6.652610789725006)]",4,"{'order': (0, 1, 1), 'seasonal_order': (0, 1, 1, 12)}",26
188026,3/4_PVC_EL_45D_SXS,026-001-003-PVC FITTINGS,forecasted,38,prophet,7.887789373555612,"[np.float64(15.14721294095823), np.float64(7.89891355566838), np.float64(3.0853127826982227), np.float64(5.4197182148976175)]",4,"{'changepoint_prior_scale': 0.01, 'seasonality_prior_scale': 1.0, 'seasonality_mode': 'multiplicative'}",26
188034,1_PVC_EL_45D_SXS,026-001-003-PVC FITTINGS,forecasted,38,SARIMA,6.139993129036324,"[np.float64(8.834151939470118), np.float64(1.4969898925141465), np.float64(5.863305574805197), np.float64(8.365525109355836)]",4,"{'order': (0, 1, 1), 'seasonal_order': (0, 1, 1, 12)}",26
188042,3/4X1/2_PVC_BUSHING_SPGXS,026-001-003-PVC FITTINGS,forecasted,38,prophet,9.697598242008784,"[np.float64(22.452986612214843), np.float64(4.76103439608933), np.float64(5.4594405577329415), np.float64(6.1169314019980225)]",4,"{'changepoint_prior_scale': 0.01, 'seasonality_prior_scale': 1.0, 'seasonality_mode': 'additive'}",26
188050,1X3/4_PVC_BUSHING_SPGXS,026-001-003-PVC FITTINGS,forecasted,38,prophet,9.97153473594901,"[np.float64(13.106053903159461), np.float64(11.965775721280869), np.float64(9.64433507985339), np.float64(5.169974239502326)]",4,"{'changepoint_prior_scale': 0.01, 'seasonality_prior_scale': 5.0, 'seasonality_mode': 'additive'}",26
188069,1/2_PVC_COUPLING_SXS,026-001-003-PVC FITTINGS,forecasted,38,prophet,8.98648963260736,"[np.float64(16.805736160897414), np.float64(3.2713018099623072), np.float64(7.2867915713701725), np.float64(8.582128988199539)]",4,"{'changepoint_prior_scale': 0.01, 'seasonality_prior_scale': 1.0, 'seasonality_mode': 'additive'}",26
188077,3/4_PVC_COUPLING_SXS,026-001-003-PVC FITTINGS,forecasted,38,prophet,8.336578725340951,"[np.float64(17.494741117550593), np.float64(5.828691051340168), np.float64(4.663187144199159), np.float64(5.359695588273886)]",4,"{'changepoint_prior_scale': 0.01, 'seasonality_prior_scale': 1.0, 'seasonality_mode': 'multiplicative'}",26
188085,1_PVC_COUPLING_SXS,026-001-003-PVC FITTINGS,forecasted,38,prophet,5.081852376456277,"[np.float64(12.94798254573151), np.float64(2.294181960102196), np.float64(3.2527352993191907), np.float64(1.8325097006722124)]",4,"{'changepoint_prior_scale': 0.01, 'seasonality_prior_scale': 10.0, 'seasonality_mode': 'multiplicative'}",26
188093,1/2_PVC_FEMALE_ADAPTER_SXFPT,026-001-003-PVC FITTINGS,forecasted,38,prophet,10.485619616116292,"[np.float64(17.101144807798896), np.float64(6.190199882044617), np.float64(12.152632024334132), np.float64(6.498501750287524)]",4,"{'changepoint_prior_scale': 0.01, 'seasonality_prior_scale': 1.0, 'seasonality_mode': 'multiplicative'}",26
188107,3/4_PVC_FEMALE_ADAPTER_SXFPT,026-001-003-PVC FITTINGS,forecasted,38,prophet,6.4052434502443285,"[np.float64(6.986438343294853), np.float64(7.620204644665589), np.float64(6.219275882655965), np.float64(4.795054930360909)]",4,"{'changepoint_prior_scale': 0.01, 'seasonality_prior_scale': 10.0, 'seasonality_mode': 'additive'}",26
188115,1_PVC_FEMALE_ADAPTER_SXFPT,026-001-003-PVC FITTINGS,forecasted,38,prophet,8.899917943955328,"[np.float64(25.789820911913598), np.float64(4.195069411617767), np.float64(3.6730400374479824), np.float64(1.94174141484197)]",4,"{'changepoint_prior_scale': 0.01, 'seasonality_prior_scale': 1.0, 'seasonality_mode': 'multiplicative'}",26
188123,1/2_PVC_MALE_ADAPTER_SXMPT,026-001-003-PVC FITTINGS,forecasted,38,prophet,10.208228584715739,"[np.float64(22.19110193484219), np.float64(3.61675135005489), np.float64(11.237449666792942), np.float64(3.7876113871729276)]",4,"{'changepoint_prior_scale': 0.01, 'seasonality_prior_scale': 1.0, 'seasonality_mode': 'multiplicative'}",26
188131,3/4_PVC_MALE_ADAPTER_SXMPT,026-001-003-PVC FITTINGS,forecasted,38,prophet,5.787947762833484,"[np.float64(16.06916799608755), np.float64(1.3583903887008455), np.float64(3.7895016026396706), np.float64(1.9347310639058712)]",4,"{'changepoint_prior_scale': 0.01, 'seasonality_prior_scale': 1.0, 'seasonality_mode': 'multiplicative'}",26
188158,1_PVC_MALE_ADAPTER_SXMPT,026-001-003-PVC FITTINGS,forecasted,38,prophet,8.21848635242084,"[np.float64(17.78458423246252), np.float64(4.923665563685872), np.float64(5.870661780493913), np.float64(4.295033833041054)]",4,"{'changepoint_prior_scale': 0.01, 'seasonality_prior_scale': 10.0, 'seasonality_mode': 'additive'}",26
188166,1/2_PVC_CAP_SLIP,026-001-003-PVC FITTINGS,forecasted,38,prophet,7.476359060654261,"[np.float64(18.3787699661892), np.float64(4.830096518301522), np.float64(2.4027712131260204), np.float64(4.293798545000305)]",4,"{'changepoint_prior_scale': 0.01, 'seasonality_prior_scale': 1.0, 'seasonality_mode': 'multiplicative'}",26
188174,3/4_PVC_CAP_SLIP,026-001-003-PVC FITTINGS,forecasted,38,prophet,6.294696732235781,"[np.float64(9.91753972691466), np.float64(6.299661725081207), np.float64(6.632489874344059), np.float64(2.3290956026032013)]",4,"{'changepoint_prior_scale': 0.01, 'seasonality_prior_scale': 1.0, 'seasonality_mode': 'multiplicative'}",26
188182,1_PVC_CAP_SLIP,026-001-003-PVC FITTINGS,forecasted,38,prophet,6.181047718741924,"[np.float64(7.672384430096455), np.float64(6.074027474433585), np.float64(6.333826777857698), np.float64(4.6439521925799605)]",4,"{'changepoint_prior_scale': 0.01, 'seasonality_prior_scale': 5.0, 'seasonality_mode': 'additive'}",26
188239,11/2_ABS_COUPLING_HXH,026-001-005-ABS FITTINGS,forecasted,38,prophet,6.187024858811885,"[np.float64(11.598310302601277), np.float64(2.9704533597941425), np.float64(7.15233375891855), np.float64(3.0270020139335694)]",4,"{'changepoint_prior_scale': 0.1, 'seasonality_prior_scale': 1.0, 'seasonality_mode': 'additive'}",26
188247,2_ABS_COUPLING_HXH,026-001-005-ABS FITTINGS,forecasted,38,prophet,2.9781973413275695,"[np.float64(5.34326601774624), np.float64(2.3841120793666013), np.float64(1.1361946024892364), np.float64(3.049216665708202)]",4,"{'changepoint_prior_scale': 0.01, 'seasonality_prior_scale': 1.0, 'seasonality_mode': 'multiplicative'}",26
188255,3_ABS_COUPLING_HXH,026-001-005-ABS FITTINGS,forecasted,38,SARIMA,6.724896166088383,"[np.float64(12.533192094150762), np.float64(5.654906086166629), np.float64(3.227506901927614), np.float64(5.483979582108528)]",4,"{'order': (0, 1, 1), 'seasonal_order': (0, 1, 0, 12)}",26
188263,4_ABS_COUPLING_HXH,026-001-005-ABS FITTINGS,forecasted,38,prophet,6.328334197177082,"[np.float64(8.76255737825208), np.float64(4.724060756866633), np.float64(4.949969394663474), np.float64(6.87674925892614)]",4,"{'changepoint_prior_scale': 0.01, 'seasonality_prior_scale': 1.0, 'seasonality_mode': 'multiplicative'}",26
188271,2X11/2_ABS_FLUSH_BUSHING_SPGXH,026-001-005-ABS FITTINGS,forecasted,38,SARIMA,6.2753993193483115,"[np.float64(5.092842786714686), np.float64(9.369845474428766), np.float64(1.549594899204349), np.float64(9.089314117045449)]",4,"{'order': (1, 1, 0), 'seasonal_order': (0, 1, 1, 12)}",26
188344,11/2_ABS_MALE_ADAPTER_HXMPT,026-001-005-ABS FITTINGS,forecasted,38,prophet,7.804767418036103,"[np.float64(19.563012024491023), np.float64(4.767103887426791), np.float64(4.1545143502657185), np.float64(2.734439409960877)]",4,"{'changepoint_prior_scale': 0.1, 'seasonality_prior_scale': 5.0, 'seasonality_mode': 'multiplicative'}",26
188387,11/2_ABS_FEMALE_ADAPTER_HXFPT,026-001-005-ABS FITTINGS,forecasted,38,prophet,5.087847354506855,"[np.float64(8.990744167084026), np.float64(2.974087895173741), np.float64(1.9098843109105015), np.float64(6.476673044859154)]",4,"{'changepoint_prior_scale': 0.05, 'seasonality_prior_scale': 5.0, 'seasonality_mode': 'multiplicative'}",26
188409,3_ABS_FEMALE_ADAPTER_HXFPT,026-001-005-ABS FITTINGS,forecasted,38,SARIMA,5.358032371807065,"[np.float64(8.1826380268906), np.float64(2.710252277606889), np.float64(3.54162783283244), np.float64(6.997611349898332)]",4,"{'order': (0, 1, 1), 'seasonal_order': (0, 1, 1, 12)}",26
188425,11/2_ABS_CLEANOUT_ADAPTER_SPGXFPT,026-001-005-ABS FITTINGS,forecasted,38,prophet,8.423686659379158,"[np.float64(10.648438432195308), np.float64(6.137853732423984), np.float64(11.941674776648444), np.float64(4.966779696248899)]",4,"{'changepoint_prior_scale': 0.1, 'seasonality_prior_scale': 10.0, 'seasonality_mode': 'additive'}",26
188476,11/2_ABS_CLEANOUT_PLUG_MPT,026-001-005-ABS FITTINGS,forecasted,38,prophet,5.8991297700759215,"[np.float64(4.768175562827437), np.float64(5.978231177768043), np.float64(6.679709842503402), np.float64(6.170402497204805)]",4,"{'changepoint_prior_scale': 0.1, 'seasonality_prior_scale': 5.0, 'seasonality_mode': 'additive'}",26
188484,2_ABS_CLEANOUT_PLUG_MPT,026-001-005-ABS FITTINGS,forecasted,38,prophet,7.246308846375027,"[np.float64(12.269051650043865), np.float64(2.5380745020960798), np.float64(5.039262390279602), np.float64(9.138846843080561)]",4,"{'changepoint_prior_scale': 0.01, 'seasonality_prior_scale': 10.0, 'seasonality_mode': 'additive'}",26
188492,3_ABS_CLEANOUT_PLUG_MPT,026-001-005-ABS FITTINGS,forecasted,38,prophet,6.177935255289636,"[np.float64(4.279135535267134), np.float64(5.443748281517522), np.float64(5.583519254964851), np.float64(9.405337949409038)]",4,"{'changepoint_prior_scale': 0.01, 'seasonality_prior_scale': 10.0, 'seasonality_mode': 'multiplicative'}",26
188514,11/2_ABS_EL_45DEG_HXH,026-001-005-ABS FITTINGS,forecasted,38,prophet,5.309075132134273,"[np.float64(5.580828429258087), np.float64(1.867612872126077), np.float64(2.565123146900647), np.float64(11.22273608025228)]",4,"{'changepoint_prior_scale': 0.01, 'seasonality_prior_scale': 10.0, 'seasonality_mode': 'multiplicative'}",26
188522,2_ABS_EL_45DEG_HXH,026-001-005-ABS FITTINGS,forecasted,38,prophet,3.0336938364993618,"[np.float64(3.3584405131362507), np.float64(3.621538153485287), np.float64(0.35934019514716214), np.float64(4.7954564842287475)]",4,"{'changepoint_prior_scale': 0.01, 'seasonality_prior_scale': 10.0, 'seasonality_mode': 'additive'}",26
188530,3_ABS_EL_45DEG_HXH,026-001-005-ABS FITTINGS,forecasted,38,prophet,4.101848002951763,"[np.float64(2.845957604936718), np.float64(0.9870865756983738), np.float64(8.055168153534925), np.float64(4.519179677637034)]",4,"{'changepoint_prior_scale': 0.01, 'seasonality_prior_scale': 1.0, 'seasonality_mode': 'multiplicative'}",26
188557,11/2_ABS_EL_45DEG_STREET_HXSPG,026-001-005-ABS FITTINGS,forecasted,38,SARIMA,4.141511214263617,"[np.float64(9.54987834125855), np.float64(3.7690360281744044), np.float64(1.4546903328342673), np.float64(1.7924401547872437)]",4,"{'order': (0, 1, 1), 'seasonal_order': (0, 1, 1, 12)}",26
188565,2_ABS_EL_45DEG_STREET_HXSPG,026-001-005-ABS FITTINGS,forecasted,38,SARIMA,9.271721185819509,"[np.float64(18.480482690341624), np.float64(3.4875032524743785), np.float64(4.098970054169627), np.float64(11.0199287462924)]",4,"{'order': (1, 1, 1), 'seasonal_order': (0, 1, 0, 12)}",26
188573,3_ABS_EL_45DEG_STREET_HXSPG,026-001-005-ABS FITTINGS,forecasted,38,SARIMA,4.4927974711778855,"[np.float64(4.780953926369072), np.float64(6.106223938125832), np.float64(4.363104659608575), np.float64(2.720907360608061)]",4,"{'order': (0, 1, 1), 'seasonal_order': (0, 1, 1, 12)}",26
188603,11/2_ABS_EL_90DEG_HXH,026-001-005-ABS FITTINGS,forecasted,38,prophet,4.863250214689174,"[np.float64(10.030535273554134), np.float64(1.5262014205190073), np.float64(2.52013141131992), np.float64(5.376132753363633)]",4,"{'changepoint_prior_scale': 0.05, 'seasonality_prior_scale': 1.0, 'seasonality_mode': 'multiplicative'}",26
188611,2_ABS_EL_90DEG_HXH,026-001-005-ABS FITTINGS,forecasted,38,SARIMA,6.2949780850377755,"[np.float64(7.947654255296961), np.float64(6.378843818810742), np.float64(3.6863076190258712), np.float64(7.167106647017525)]",4,"{'order': (0, 1, 1), 'seasonal_order': (0, 1, 0, 12)}",26
188638,3_ABS_EL_90DEG_HXH,026-001-005-ABS FITTINGS,forecasted,38,SARIMA,5.034237481105168,"[np.float64(7.568257065121653), np.float64(2.62392953233315), np.float64(5.04278354555001), np.float64(4.90197978141586)]",4,"{'order': (0, 1, 1), 'seasonal_order': (0, 1, 1, 12)}",26
188654,11/2_ABS_EL_90DEG_LONG_SWEEP_HXH,026-001-005-ABS FITTINGS,forecasted,38,SARIMA,6.153018545632042,"[np.float64(9.678333034935356), np.float64(5.240708574578288), np.float64(2.379535724907171), np.float64(7.313496848107352)]",4,"{'order': (0, 1, 1), 'seasonal_order': (0, 1, 0, 12)}",26
188662,2_ABS_EL_90DEG_LONG_SWEEP_HXH,026-001-005-ABS FITTINGS,forecasted,38,prophet,3.3439554422940754,"[np.float64(4.95988521286872), np.float64(2.0440632525581828), np.float64(4.208412736619016), np.float64(2.1634605671303815)]",4,"{'changepoint_prior_scale': 0.1, 'seasonality_prior_scale': 5.0, 'seasonality_mode': 'additive'}",26
188670,3_ABS_EL_90DEG_LONG_SWEEP_HXH,026-001-005-ABS FITTINGS,forecasted,38,SARIMA,3.082172316284989,"[np.float64(3.4761003954185674), np.float64(1.6784214447003651), np.float64(2.1217327141638114), np.float64(5.052434710857214)]",4,"{'order': (0, 1, 1), 'seasonal_order': (0, 1, 1, 12)}",26
188700,2_ABS_WYE_HXHXH,026-001-005-ABS FITTINGS,forecasted,38,SARIMA,5.1152195070377635,"[np.float64(12.013576532867688), np.float64(3.7314802937285707), np.float64(2.4199762140658545), np.float64(2.2958449874889415)]",4,"{'order': (1, 1, 1), 'seasonal_order': (0, 1, 0, 12)}",26
188719,3_ABS_WYE_HXHXH,026-001-005-ABS FITTINGS,forecasted,38,prophet,4.649056775390121,"[np.float64(10.741791039096709), np.float64(4.558065207975883), np.float64(1.3728515599279072), np.float64(1.9235192945599828)]",4,"{'changepoint_prior_scale': 0.1, 'seasonality_prior_scale': 5.0, 'seasonality_mode': 'additive'}",26
188751,11/2_ABS_SANI_TEE_HXHXH,026-001-005-ABS FITTINGS,forecasted,38,SARIMA,8.465798957185427,"[np.float64(19.299941556831428), np.float64(4.107825018697123), np.float64(1.8158967591012865), np.float64(8.639532494111869)]",4,"{'order': (1, 1, 1), 'seasonal_order': (0, 1, 0, 12)}",26
188778,2_ABS_SANI_TEE_HXHXH,026-001-005-ABS FITTINGS,forecasted,38,SARIMA,4.487106888191256,"[np.float64(10.344708546947233), np.float64(1.2361561066003337), np.float64(3.188781805324175), np.float64(3.178781093893284)]",4,"{'order': (1, 1, 1), 'seasonal_order': (0, 1, 1, 12)}",26
188786,3_ABS_SANI_TEE_HXHXH,026-001-005-ABS FITTINGS,forecasted,38,prophet,3.703810015162787,"[np.float64(2.9821275136853873), np.float64(5.700715734715957), np.float64(3.1849421079827946), np.float64(2.9474547042670074)]",4,"{'changepoint_prior_scale': 0.05, 'seasonality_prior_scale': 5.0, 'seasonality_mode': 'additive'}",26
188816,3X2_ABS_SANI_TEE_HXHXH,026-001-005-ABS FITTINGS,forecasted,38,SARIMA,6.333550504465503,"[np.float64(7.921525207217004), np.float64(3.256603576668867), np.float64(4.175650753359398), np.float64(9.98042248061674)]",4,"{'order': (1, 1, 1), 'seasonal_order': (0, 1, 0, 12)}",26
188867,11/2_ABS_PTRAP_W/UNION_HXH,026-001-005-ABS FITTINGS,forecasted,38,prophet,4.2655423437005595,"[np.float64(5.945115427915509), np.float64(3.235823689545816), np.float64(1.485780428385204), np.float64(6.395449828955707)]",4,"{'changepoint_prior_scale': 0.01, 'seasonality_prior_scale': 10.0, 'seasonality_mode': 'additive'}",26
188875,2_ABS_PTRAP_W/UNION_HXH,026-001-005-ABS FITTINGS,forecasted,38,SARIMA,8.114240464811598,"[np.float64(16.092827731183046), np.float64(7.2615214770137255), np.float64(4.3766040925772804), np.float64(4.726008558472334)]",4,"{'order': (1, 1, 1), 'seasonal_order': (0, 1, 1, 12)}",26
188891,11/2_ABS_TRAP_ADAPTER_HXSJ,026-001-005-ABS FITTINGS,forecasted,38,prophet,3.218387076281391,"[np.float64(4.169113695318858), np.float64(2.044886471371475), np.float64(1.0624980850217765), np.float64(5.597050053413454)]",4,"{'changepoint_prior_scale': 0.01, 'seasonality_prior_scale': 5.0, 'seasonality_mode': 'additive'}",26
188921,11/2X11/4_ABS_TRAP_ADAPTER_HXSJ,026-001-005-ABS FITTINGS,forecasted,38,prophet,4.3466223110831805,"[np.float64(10.886810683286889), np.float64(2.6779475199213243), np.float64(1.6250164450767717), np.float64(2.196714596047735)]",4,"{'changepoint_prior_scale': 0.05, 'seasonality_prior_scale': 5.0, 'seasonality_mode': 'multiplicative'}",26
188956,11/2_ABS_TRAP_ADAPTER_SPGXSJ,026-001-005-ABS FITTINGS,forecasted,38,prophet,10.368506313561792,"[np.float64(14.5337082338258), np.float64(12.256357055430966), np.float64(8.694344234644511), np.float64(5.989615730345886)]",4,"{'changepoint_prior_scale': 0.1, 'seasonality_prior_scale': 10.0, 'seasonality_mode': 'multiplicative'}",26
189022,2_DWV_COUPLING_HXH,026-001-031-DWV FITTINGS,forecasted,38,prophet,5.647142964143652,"[np.float64(10.301479676299186), np.float64(3.576680016573159), np.float64(4.871413152197763), np.float64(3.838999011504498)]",4,"{'changepoint_prior_scale': 0.1, 'seasonality_prior_scale': 5.0, 'seasonality_mode': 'additive'}",26
189049,4_DWV_COUPLING_HXH,026-001-031-DWV FITTINGS,forecasted,38,prophet,4.406525937690851,"[np.float64(7.273857575708844), np.float64(4.077857880309515), np.float64(2.5041676391978425), np.float64(3.7702206555472073)]",4,"{'changepoint_prior_scale': 0.01, 'seasonality_prior_scale': 10.0, 'seasonality_mode': 'additive'}",26
189111,11/2_DWV_MALE_ADAPTER_HXMPT,026-001-031-DWV FITTINGS,forecasted,38,SARIMA,8.686170641131604,"[np.float64(14.83363898549864), np.float64(2.670017851098805), np.float64(2.8464611194017895), np.float64(14.39456460852718)]",4,"{'order': (0, 1, 0), 'seasonal_order': (0, 1, 0, 12)}",26
189162,11/2_DWV_FEMALE_ADAPTER_HXFPT,026-001-031-DWV FITTINGS,forecasted,38,prophet,17.87072186998486,"[np.float64(12.679921449771314), np.float64(50.57750614148443), np.float64(5.670228848023164), np.float64(2.5552310406605288)]",4,"{'changepoint_prior_scale': 0.1, 'seasonality_prior_scale': 1.0, 'seasonality_mode': 'multiplicative'}",26
189170,2_DWV_FEMALE_ADAPTER_HXFPT,026-001-031-DWV FITTINGS,forecasted,38,SARIMA,5.610235814223104,"[np.float64(8.700261923769377), np.float64(4.2477020950638735), np.float64(1.828682387882063), np.float64(7.664296850177105)]",4,"{'order': (0, 1, 1), 'seasonal_order': (0, 1, 0, 12)}",26
189251,11/2_DWV_CLEANOUT_PLUG_MPT,026-001-031-DWV FITTINGS,forecasted,38,SARIMA,15.31054795567487,"[np.float64(32.779773161379524), np.float64(2.737056944874068), np.float64(9.916259049765937), np.float64(15.809102666679944)]",4,"{'order': (0, 1, 1), 'seasonal_order': (0, 1, 0, 12)}",26
189278,2_DWV_CLEANOUT_PLUG_MPT,026-001-031-DWV FITTINGS,forecasted,38,prophet,4.818755876700823,"[np.float64(6.877802912012378), np.float64(1.6394318090469036), np.float64(2.8569788000521776), np.float64(7.900809985691833)]",4,"{'changepoint_prior_scale': 0.01, 'seasonality_prior_scale': 1.0, 'seasonality_mode': 'multiplicative'}",26
189316,11/2_DWV_EL_45DEG_HXH,026-001-031-DWV FITTINGS,forecasted,38,prophet,4.4583220795477985,"[np.float64(7.542465184114894), np.float64(4.682533122634822), np.float64(1.5890872354008083), np.float64(4.019202776040673)]",4,"{'changepoint_prior_scale': 0.1, 'seasonality_prior_scale': 1.0, 'seasonality_mode': 'additive'}",26
189359,3_DWV_EL_45DEG_HXH,026-001-031-DWV FITTINGS,forecasted,38,prophet,1.8313004963680504,"[np.float64(1.9543217638482486), np.float64(1.5715836390748552), np.float64(0.7707109378199726), np.float64(3.0285856447291244)]",4,"{'changepoint_prior_scale': 0.1, 'seasonality_prior_scale': 1.0, 'seasonality_mode': 'additive'}",26
189367,4_DWV_EL_45DEG_HXH,026-001-031-DWV FITTINGS,forecasted,38,prophet,2.3546420555899696,"[np.float64(2.3051017985574176), np.float64(4.486753668636168), np.float64(1.5857417094171045), np.float64(1.0409710457491879)]",4,"{'changepoint_prior_scale': 0.1, 'seasonality_prior_scale': 10.0, 'seasonality_mode': 'multiplicative'}",26
189375,11/2_DWV_EL_45DEG_STREET_HXSPG,026-001-031-DWV FITTINGS,forecasted,38,prophet,4.8281153700518145,"[np.float64(7.0187308638478125), np.float64(2.6638886585146038), np.float64(0.9225249057712015), np.float64(8.707317052073641)]",4,"{'changepoint_prior_scale': 0.01, 'seasonality_prior_scale': 5.0, 'seasonality_mode': 'multiplicative'}",26
189405,2_DWV_EL_45DEG_STREET_HXSPG,026-001-031-DWV FITTINGS,forecasted,38,prophet,2.434473752872564,"[np.float64(2.9059872734048633), np.float64(2.8421340825424286), np.float64(0.9200946762520588), np.float64(3.0696789792909045)]",4,"{'changepoint_prior_scale': 0.1, 'seasonality_prior_scale': 5.0, 'seasonality_mode': 'additive'}",26
189456,11/2_DWV_EL_90DEG_HXH,026-001-031-DWV FITTINGS,forecasted,38,prophet,4.92278209002218,"[np.float64(6.418770327120253), np.float64(2.1379411352600246), np.float64(3.812493277933643), np.float64(7.321923619774795)]",4,"{'changepoint_prior_scale': 0.1, 'seasonality_prior_scale': 1.0, 'seasonality_mode': 'multiplicative'}",26
189472,2_DWV_EL_90DEG_HXH,026-001-031-DWV FITTINGS,forecasted,38,prophet,4.274708375420809,"[np.float64(5.1941821173106355), np.float64(2.81223420516522), np.float64(1.3207952943541061), np.float64(7.771621884853273)]",4,"{'changepoint_prior_scale': 0.01, 'seasonality_prior_scale': 5.0, 'seasonality_mode': 'additive'}",26
189480,3_DWV_EL_90DEG_HXH,026-001-031-DWV FITTINGS,forecasted,38,prophet,4.559526880444551,"[np.float64(5.404596907246694), np.float64(2.812860565547377), np.float64(1.657272577253777), np.float64(8.363377471730356)]",4,"{'changepoint_prior_scale': 0.01, 'seasonality_prior_scale': 10.0, 'seasonality_mode': 'additive'}",26
189499,4_DWV_EL_90DEG_HXH,026-001-031-DWV FITTINGS,forecasted,38,prophet,2.373983727406124,"[np.float64(1.6236401087357535), np.float64(1.8435304993131039), np.float64(0.8157626682685079), np.float64(5.213001633307131)]",4,"{'changepoint_prior_scale': 0.01, 'seasonality_prior_scale': 10.0, 'seasonality_mode': 'additive'}",26
189502,11/2_DWV_EL_90DEG_LONG_SWEEP_HXH,026-001-031-DWV FITTINGS,forecasted,38,SARIMA,6.177022791747502,"[np.float64(4.3530740754096096), np.float64(8.84608615025158), np.float64(2.1125703594127656), np.float64(9.396360581916054)]",4,"{'order': (1, 1, 0), 'seasonal_order': (0, 1, 1, 12)}",26
189510,2_DWV_EL_90D_LONG_SWEEP_HXH,026-001-031-DWV FITTINGS,forecasted,38,prophet,5.184960753814748,"[np.float64(4.69726061469009), np.float64(1.1653172732529147), np.float64(4.6352594199008115), np.float64(10.242005707415174)]",4,"{'changepoint_prior_scale': 0.1, 'seasonality_prior_scale': 10.0, 'seasonality_mode': 'additive'}",26
189529,3_DWV_EL_90DEG_LONG_SWEEP_HXH,026-001-031-DWV FITTINGS,forecasted,38,prophet,4.002399014561643,"[np.float64(7.3992358970359735), np.float64(1.6538407248655134), np.float64(4.290197515845037), np.float64(2.6663219205000495)]",4,"{'changepoint_prior_scale': 0.01, 'seasonality_prior_scale': 5.0, 'seasonality_mode': 'additive'}",26
189545,11/2_DWV_WYE_HXHXH,026-001-031-DWV FITTINGS,forecasted,38,prophet,4.716281181344153,"[np.float64(7.231382605543021), np.float64(2.400471392491697), np.float64(3.977390468109606), np.float64(5.25588025923229)]",4,"{'changepoint_prior_scale': 0.01, 'seasonality_prior_scale': 1.0, 'seasonality_mode': 'multiplicative'}",26
189561,3_DWV_WYE_HXHXH,026-001-031-DWV FITTINGS,forecasted,38,prophet,2.927945789338742,"[np.float64(5.684488799760867), np.float64(1.4419458889907038), np.float64(2.4002428606532167), np.float64(2.185105607950182)]",4,"{'changepoint_prior_scale': 0.1, 'seasonality_prior_scale': 1.0, 'seasonality_mode': 'multiplicative'}",26
189596,4_DWV_WYE_HXHXH,026-001-031-DWV FITTINGS,forecasted,38,prophet,3.9330146079824733,"[np.float64(3.2348003268262158), np.float64(4.138646028465214), np.float64(3.404478395604718), np.float64(4.954133681033745)]",4,"{'changepoint_prior_scale': 0.01, 'seasonality_prior_scale': 5.0, 'seasonality_mode': 'multiplicative'}",26
189685,2_DWV_SANI_TEE_HXHXH,026-001-031-DWV FITTINGS,forecasted,38,prophet,4.9489863512218815,"[np.float64(8.729050616001878), np.float64(2.612010788603386), np.float64(0.4051020035689272), np.float64(8.049781996713335)]",4,"{'changepoint_prior_scale': 0.1, 'seasonality_prior_scale': 10.0, 'seasonality_mode': 'multiplicative'}",26
189855,11/2_DWV_TRAP_ADAPTER_HXSJ,026-001-031-DWV FITTINGS,forecasted,38,prophet,10.113840488271828,"[np.float64(22.392397117600396), np.float64(3.8899738674530226), np.float64(1.610957971528083), np.float64(12.562032996505812)]",4,"{'changepoint_prior_scale': 0.1, 'seasonality_prior_scale': 10.0, 'seasonality_mode': 'multiplicative'}",26
206041,1/2X2_FLOWGUARD_GOLD_CPVC,026-001-012-CPVC PIPE,forecasted,38,SARIMA,5.414422820475079,"[np.float64(6.756525932658468), np.float64(4.885127343511175), np.float64(3.783623923858463), np.float64(6.23241408187221)]",4,"{'order': (0, 1, 1), 'seasonal_order': (0, 1, 1, 12)}",26
206153,3/4X2_FLOWGUARD_GOLD_CPVC,026-001-012-CPVC PIPE,forecasted,38,prophet,4.098008331378886,"[np.float64(7.162635840750463), np.float64(2.236959258964867), np.float64(1.7278462253151279), np.float64(5.264592000485085)]",4,"{'changepoint_prior_scale': 0.1, 'seasonality_prior_scale': 1.0, 'seasonality_mode': 'multiplicative'}",26
211109,1/2_PVC_COUPLING_FPTXFPT,026-001-003-PVC FITTINGS,forecasted,38,prophet,17.83134492476559,"[np.float64(27.016783140926236), np.float64(15.06044749521138), np.float64(16.432207467687824), np.float64(12.815941595236927)]",4,"{'changepoint_prior_scale': 0.01, 'seasonality_prior_scale': 1.0, 'seasonality_mode': 'multiplicative'}",26
232475,1/2_CPVC_FEMALE_ADAPTER_SXFPT,026-001-013-CPVC FITTINGS,forecasted,38,prophet,11.617772411219594,"[np.float64(13.048667028312572), np.float64(21.874733800259705), np.float64(4.133424388608184), np.float64(7.4142644276979155)]",4,"{'changepoint_prior_scale': 0.1, 'seasonality_prior_scale': 10.0, 'seasonality_mode': 'additive'}",26
232483,3/4_CPVC_FEMALE_ADAPTER_SXFPT,026-001-013-CPVC FITTINGS,forecasted,38,prophet,9.29035087307607,"[np.float64(17.60853815336559), np.float64(3.934091524710696), np.float64(10.43447476537661), np.float64(5.184299048851386)]",4,"{'changepoint_prior_scale': 0.01, 'seasonality_prior_scale': 1.0, 'seasonality_mode': 'multiplicative'}",26
232505,3/4_PVC_CROSS_SXSXSXS,026-001-003-PVC FITTINGS,forecasted,38,prophet,7.642860484572884,"[np.float64(5.904419994271615), np.float64(6.236317115419529), np.float64(5.310565172257521), np.float64(13.12013965634287)]",4,"{'changepoint_prior_scale': 0.05, 'seasonality_prior_scale': 5.0, 'seasonality_mode': 'multiplicative'}",26
232513,2X11/2_ABS_REDUCER/INCREASER_HXH,026-001-005-ABS FITTINGS,forecasted,38,prophet,4.132513309896292,"[np.float64(4.788306301151798), np.float64(0.6915834718924498), np.float64(1.7153522327127535), np.float64(9.334811233828166)]",4,"{'changepoint_prior_scale': 0.05, 'seasonality_prior_scale': 1.0, 'seasonality_mode': 'additive'}",26
232521,3X2_ABS_REDUCER/INCREASER_HXH,026-001-005-ABS FITTINGS,forecasted,38,SARIMA,6.020231625113009,"[np.float64(6.575356790307311), np.float64(6.004148286835384), np.float64(6.52080609010524), np.float64(4.980615333204103)]",4,"{'order': (0, 1, 1), 'seasonal_order': (0, 1, 1, 12)}",26
232556,11/2_ABS_PTRAP_SOLVENT_WELD_HXH,026-001-005-ABS FITTINGS,forecasted,38,prophet,3.6971095124522693,"[np.float64(5.684982986896184), np.float64(1.2372356758109118), np.float64(1.6319519866735899), np.float64(6.234267400428392)]",4,"{'changepoint_prior_scale': 0.05, 'seasonality_prior_scale': 10.0, 'seasonality_mode': 'multiplicative'}",26
232564,2_ABS_PTRAP_SOLVENT_WELD_HXH,026-001-005-ABS FITTINGS,forecasted,38,prophet,5.831343601473325,"[np.float64(12.952535273119361), np.float64(3.592679317484863), np.float64(5.622503449209082), np.float64(1.1576563660799892)]",4,"{'changepoint_prior_scale': 0.1, 'seasonality_prior_scale': 10.0, 'seasonality_mode': 'additive'}",26
232602,3_ABS_EL_90DEG_STREET_HXSPG,026-001-005-ABS FITTINGS,forecasted,38,prophet,2.097150322290237,"[np.float64(3.5130538987806714), np.float64(2.8729625081348225), np.float64(0.9821849116159407), np.float64(1.0203999706295126)]",4,"{'changepoint_prior_scale': 0.05, 'seasonality_prior_scale': 10.0, 'seasonality_mode': 'additive'}",26
232726,2_PVC_TEE_SXSXS,026-001-003-PVC FITTINGS,forecasted,38,prophet,5.474677596672343,"[np.float64(2.702654976764847), np.float64(10.335082260358385), np.float64(3.1310985448204036), np.float64(5.7298746047457385)]",4,"{'changepoint_prior_scale': 0.05, 'seasonality_prior_scale': 5.0, 'seasonality_mode': 'multiplicative'}",26
232734,2_PVC_EL_90D_SXS,026-001-003-PVC FITTINGS,forecasted,38,prophet,5.69097126660211,"[np.float64(8.853455118811844), np.float64(5.715162404711624), np.float64(6.841539676842477), np.float64(1.353727866042497)]",4,"{'changepoint_prior_scale': 0.01, 'seasonality_prior_scale': 10.0, 'seasonality_mode': 'multiplicative'}",26
232742,2_PVC_EL_45D_SXS,026-001-003-PVC FITTINGS,forecasted,38,prophet,5.5160642134897095,"[np.float64(7.186921025483933), np.float64(5.309603627776664), np.float64(2.6605364286574766), np.float64(6.907195772040765)]",4,"{'changepoint_prior_scale': 0.1, 'seasonality_prior_scale': 10.0, 'seasonality_mode': 'multiplicative'}",26
232750,2_PVC_COUPLING_SXS,026-001-003-PVC FITTINGS,forecasted,38,SARIMA,7.27740353093332,"[np.float64(8.219027734363141), np.float64(2.561303400832905), np.float64(1.5955083536862498), np.float64(16.733774634850985)]",4,"{'order': (1, 1, 0), 'seasonal_order': (0, 1, 0, 12)}",26
232769,2X11/2_PVC_BUSHING_SPGXS,026-001-003-PVC FITTINGS,forecasted,38,SARIMA,5.700377666590632,"[np.float64(10.7689155216904), np.float64(3.0050203221844987), np.float64(3.890681060298747), np.float64(5.136893762188884)]",4,"{'order': (0, 1, 1), 'seasonal_order': (0, 1, 1, 12)}",26
232777,2_PVC_CAP_SLIP,026-001-003-PVC FITTINGS,forecasted,38,SARIMA,5.237884462249022,"[np.float64(6.1820966934256285), np.float64(1.7942813708178906), np.float64(1.9454438700368222), np.float64(11.029715914715748)]",4,"{'order': (1, 1, 0), 'seasonal_order': (0, 1, 1, 12)}",26
279902,11/2X2_PVC_MALE_ADAPTER_MPTXS,026-001-003-PVC FITTINGS,forecasted,38,SARIMA,6.184715157587457,"[np.float64(7.556837629813747), np.float64(6.511815605217578), np.float64(3.7535672952699746), np.float64(6.916640100048527)]",4,"{'order': (0, 1, 0), 'seasonal_order': (0, 1, 1, 12)}",26
289477,3_ABS_EL_221/2DEG_HXH,026-001-005-ABS FITTINGS,forecasted,38,prophet,13.40706496305706,"[np.float64(22.308836418872687), np.float64(2.8907870259748125), np.float64(13.305532289560384), np.float64(15.123104117820358)]",4,"{'changepoint_prior_scale': 0.01, 'seasonality_prior_scale': 1.0, 'seasonality_mode': 'additive'}",26
293989,11/4_PVC_COUPLING_SXS,026-001-003-PVC FITTINGS,forecasted,38,prophet,5.445685743354323,"[np.float64(11.156663966394335), np.float64(1.9966395563903148), np.float64(2.995976956729377), np.float64(5.633462493903265)]",4,"{'changepoint_prior_scale': 0.01, 'seasonality_prior_scale': 1.0, 'seasonality_mode': 'multiplicative'}",26
293997,11/2_PVC_COUPLING_SXS,026-001-003-PVC FITTINGS,forecasted,38,prophet,6.201044831316046,"[np.float64(11.436700580811793), np.float64(4.8836837717517065), np.float64(3.7546099982964507), np.float64(4.72918497440423)]",4,"{'changepoint_prior_scale': 0.01, 'seasonality_prior_scale': 1.0, 'seasonality_mode': 'multiplicative'}",26
294004,11/4_PVC_FEMALE_ADAPTER_SXFPT,026-001-003-PVC FITTINGS,forecasted,38,prophet,4.342709344877575,"[np.float64(5.204582333038027), np.float64(1.8222810399184992), np.float64(1.7854050432248167), np.float64(8.558568963328957)]",4,"{'changepoint_prior_scale': 0.01, 'seasonality_prior_scale': 1.0, 'seasonality_mode': 'additive'}",26
294012,11/2_PVC_FEMALE_ADAPTER_SXFPT,026-001-003-PVC FITTINGS,forecasted,38,SARIMA,5.361977368564682,"[np.float64(7.419222712157193), np.float64(1.965563058966407), np.float64(1.602733546003586), np.float64(10.460390157131542)]",4,"{'order': (0, 1, 1), 'seasonal_order': (0, 1, 0, 12)}",26
294020,1/2X3/4_PVC_MALE_ADAPTER_SXMPT,026-001-003-PVC FITTINGS,forecasted,38,SARIMA,10.820476884169935,"[np.float64(13.94746224647192), np.float64(16.094474749304606), np.float64(5.140112570790233), np.float64(8.099857970112978)]",4,"{'order': (0, 1, 1), 'seasonal_order': (0, 1, 1, 12)}",26
294039,11/4_PVC_MALE_ADAPTER_SXMPT,026-001-003-PVC FITTINGS,forecasted,38,prophet,4.185120708746744,"[np.float64(7.387563316089954), np.float64(2.617651370278251), np.float64(3.6899201080053143), np.float64(3.0453480406134585)]",4,"{'changepoint_prior_scale': 0.01, 'seasonality_prior_scale': 1.0, 'seasonality_mode': 'additive'}",26
294047,11/2_PVC_MALE_ADAPTER_SXMPT,026-001-003-PVC FITTINGS,forecasted,38,prophet,6.854102905524523,"[np.float64(7.598495260812016), np.float64(1.1241627402399554), np.float64(4.935798545670251), np.float64(13.757955075375868)]",4,"{'changepoint_prior_scale': 0.01, 'seasonality_prior_scale': 5.0, 'seasonality_mode': 'additive'}",26
294055,11/2X11/4_PVC_MALE_ADAPTER_MPTXS,026-001-003-PVC FITTINGS,forecasted,38,SARIMA,7.110481658286634,"[np.float64(14.469987694577807), np.float64(0.7987561180400631), np.float64(6.08911858820819), np.float64(7.084064232320476)]",4,"{'order': (0, 1, 1), 'seasonal_order': (0, 1, 0, 12)}",26
294063,11/4_PVC_EL_45D_SXS,026-001-003-PVC FITTINGS,forecasted,38,SARIMA,3.2125532824745155,"[np.float64(3.669852681320084), np.float64(1.755250138592748), np.float64(1.7881344368184602), np.float64(5.636975873166771)]",4,"{'order': (0, 1, 0), 'seasonal_order': (0, 1, 1, 12)}",26
294071,11/2_PVC_EL_45D_SXS,026-001-003-PVC FITTINGS,forecasted,38,prophet,5.673283110782725,"[np.float64(6.241863077617229), np.float64(3.3549592035941442), np.float64(3.1209620288976105), np.float64(9.975348133021917)]",4,"{'changepoint_prior_scale': 0.01, 'seasonality_prior_scale': 5.0, 'seasonality_mode': 'multiplicative'}",26
294098,11/4_PVC_EL_90D_SXS,026-001-003-PVC FITTINGS,forecasted,38,SARIMA,4.06502045411027,"[np.float64(5.278359249307563), np.float64(1.359569952346009), np.float64(2.6378306676300647), np.float64(6.9843219471574445)]",4,"{'order': (0, 1, 1), 'seasonal_order': (0, 1, 1, 12)}",26
294101,11/2_PVC_EL_90D_SXS,026-001-003-PVC FITTINGS,forecasted,38,prophet,4.781720289362512,"[np.float64(8.026590915316522), np.float64(3.8244255457206395), np.float64(2.5173895543598777), np.float64(4.758475142053008)]",4,"{'changepoint_prior_scale': 0.01, 'seasonality_prior_scale': 1.0, 'seasonality_mode': 'multiplicative'}",26
294128,1/2_PVC_EL_90D_SXFPT,026-001-003-PVC FITTINGS,forecasted,38,prophet,11.714112799351135,"[np.float64(25.6030611653213), np.float64(9.636609208540236), np.float64(4.312802983987392), np.float64(7.3039778395556105)]",4,"{'changepoint_prior_scale': 0.01, 'seasonality_prior_scale': 1.0, 'seasonality_mode': 'multiplicative'}",26
294144,11/4_PVC_TEE_SXSXS,026-001-003-PVC FITTINGS,forecasted,38,SARIMA,5.37461193500876,"[np.float64(4.629985305653833), np.float64(3.9977223079095037), np.float64(7.506273016978316), np.float64(5.364467109493385)]",4,"{'order': (0, 1, 1), 'seasonal_order': (0, 1, 1, 12)}",26
294160,11/2_PVC_TEE_SXSXS,026-001-003-PVC FITTINGS,forecasted,38,prophet,4.271082003000597,"[np.float64(5.880531410127343), np.float64(3.1934461902155897), np.float64(3.6163901864755257), np.float64(4.393960225183928)]",4,"{'changepoint_prior_scale': 0.01, 'seasonality_prior_scale': 5.0, 'seasonality_mode': 'additive'}",26
294187,1/2_PVC_TEE_SXSXFPT,026-001-003-PVC FITTINGS,forecasted,38,prophet,7.658048975788608,"[np.float64(8.591011490031043), np.float64(6.300679750345426), np.float64(6.363368612359715), np.float64(9.37713605041825)]",4,"{'changepoint_prior_scale': 0.05, 'seasonality_prior_scale': 1.0, 'seasonality_mode': 'additive'}",26
294209,11/4_PVC_CAP_SLIP,026-001-003-PVC FITTINGS,forecasted,38,SARIMA,6.827045305466557,"[np.float64(7.48684016741404), np.float64(2.067637166869949), np.float64(7.334387290559184), np.float64(10.419316597023053)]",4,"{'order': (0, 1, 1), 'seasonal_order': (0, 1, 0, 12)}",26
294217,11/2_PVC_CAP_SLIP,026-001-003-PVC FITTINGS,forecasted,38,prophet,5.138930957151599,"[np.float64(4.266528467340241), np.float64(2.10159010693386), np.float64(3.8681987826138875), np.float64(10.319406471718406)]",4,"{'changepoint_prior_scale': 0.05, 'seasonality_prior_scale': 5.0, 'seasonality_mode': 'additive'}",26
294225,1/2_PVC_PLUG_MPT,026-001-003-PVC FITTINGS,forecasted,38,prophet,7.069103840221694,"[np.float64(13.242072372849226), np.float64(2.9471038649353947), np.float64(6.551484173270417), np.float64(5.5357549498317375)]",4,"{'changepoint_prior_scale': 0.01, 'seasonality_prior_scale': 1.0, 'seasonality_mode': 'additive'}",26
294233,1/2_PVC_CAP_FPT,026-001-003-PVC FITTINGS,forecasted,38,prophet,13.259625562180988,"[np.float64(31.400483506972176), np.float64(3.774814394895064), np.float64(10.858607612330625), np.float64(7.004596734526087)]",4,"{'changepoint_prior_scale': 0.01, 'seasonality_prior_scale': 1.0, 'seasonality_mode': 'multiplicative'}",26
294241,1X1/2_PVC_BUSHING_SPGXS,026-001-003-PVC FITTINGS,forecasted,38,prophet,5.082732416381558,"[np.float64(8.931925394711593), np.float64(2.854706131798056), np.float64(1.615941728063777), np.float64(6.928356410952806)]",4,"{'changepoint_prior_scale': 0.01, 'seasonality_prior_scale': 10.0, 'seasonality_mode': 'additive'}",26
294276,11/4X1_PVC_BUSHING_SPGXS,026-001-003-PVC FITTINGS,forecasted,38,SARIMA,4.547789331588515,"[np.float64(9.134225283905916), np.float64(2.0823047308591915), np.float64(2.124449559176347), np.float64(4.850177752412602)]",4,"{'order': (0, 1, 1), 'seasonal_order': (0, 1, 0, 12)}",26
294284,11/2X1_PVC_BUSHING_SPGXS,026-001-003-PVC FITTINGS,forecasted,38,SARIMA,5.061752482752569,"[np.float64(7.847770452471549), np.float64(3.6106106924188093), np.float64(3.93250099630185), np.float64(4.856127789818069)]",4,"{'order': (1, 1, 1), 'seasonal_order': (0, 1, 1, 12)}",26
294292,11/2X11/4_PVC_BUSHING_SPGXS,026-001-003-PVC FITTINGS,forecasted,38,SARIMA,5.97026961298721,"[np.float64(5.671415586239126), np.float64(7.609930085078965), np.float64(3.8769970852615896), np.float64(6.722735695369159)]",4,"{'order': (1, 1, 1), 'seasonal_order': (0, 1, 1, 12)}",26
294306,3/4X1/2_PVC_BUSHING_SPGXFPT,026-001-003-PVC FITTINGS,forecasted,38,SARIMA,10.650798227290926,"[np.float64(8.453910686347406), np.float64(18.099897179112798), np.float64(3.2855223557540865), np.float64(12.763862687949413)]",4,"{'order': (0, 1, 1), 'seasonal_order': (0, 1, 0, 12)}",26
294349,1X3/4_PVC_TEE_SXSXFPT,026-001-003-PVC FITTINGS,forecasted,38,prophet,8.02211996631965,"[np.float64(12.13939108586934), np.float64(7.5662384383087815), np.float64(8.463631517695676), np.float64(3.919218823404801)]",4,"{'changepoint_prior_scale': 0.01, 'seasonality_prior_scale': 1.0, 'seasonality_mode': 'additive'}",26
341391,3/4X1/2_CPVC_EL_90_DEG_SXS,026-001-013-CPVC FITTINGS,forecasted,38,SARIMA,11.93794906042811,"[np.float64(11.156405305694932), np.float64(11.55653854586885), np.float64(2.5932625530855415), np.float64(22.44558983706312)]",4,"{'order': (0, 1, 0), 'seasonal_order': (0, 1, 0, 12)}",26
341424,1/2_CPVC_EL_90_DEG_STREET_SXSPG,026-001-013-CPVC FITTINGS,forecasted,38,prophet,6.228376714224153,"[np.float64(4.516958433575166), np.float64(4.556404246422565), np.float64(3.752998250736307), np.float64(12.087145926162572)]",4,"{'changepoint_prior_scale': 0.05, 'seasonality_prior_scale': 1.0, 'seasonality_mode': 'additive'}",26
341438,3/4_CPVC_EL_90_DEG_STREET_SXSPG,026-001-013-CPVC FITTINGS,forecasted,38,prophet,4.837090454616791,"[np.float64(3.195959236068192), np.float64(6.366979179766948), np.float64(4.4276952294471155), np.float64(5.357728173184909)]",4,"{'changepoint_prior_scale': 0.1, 'seasonality_prior_scale': 5.0, 'seasonality_mode': 'multiplicative'}",26
341441,3/4X3/4X1/2_CPVC_TEE_SXSXS,026-001-013-CPVC FITTINGS,forecasted,38,SARIMA,10.27109652441652,"[np.float64(18.998853426663246), np.float64(5.31967791407589), np.float64(0.48892242494886345), np.float64(16.276932331978085)]",4,"{'order': (0, 1, 1), 'seasonal_order': (0, 1, 0, 12)}",26
341469,3/4X1/2X1/2_CPVC_TEE_SXSXS,026-001-013-CPVC FITTINGS,forecasted,38,SARIMA,11.442589639784574,"[np.float64(14.902653447427905), np.float64(6.177454697662899), np.float64(13.227391678635644), np.float64(11.46285873541185)]",4,"{'order': (1, 1, 1), 'seasonal_order': (0, 1, 1, 12)}",26
376903,3X2_ABS_WYE_HXHXH,026-001-005-ABS FITTINGS,forecasted,38,prophet,3.5155229437420985,"[np.float64(5.805230052154461), np.float64(0.9162614809399579), np.float64(3.499220187009626), np.float64(3.841380054864349)]",4,"{'changepoint_prior_scale': 0.01, 'seasonality_prior_scale': 1.0, 'seasonality_mode': 'multiplicative'}",26
376917,2X11/2_ABS_SANI_TEE_HXHXH,026-001-005-ABS FITTINGS,forecasted,38,SARIMA,9.219045919973906,"[np.float64(24.15678933902704), np.float64(3.4049509642931706), np.float64(2.5993848166477216), np.float64(6.715058559927692)]",4,"{'order': (0, 1, 0), 'seasonal_order': (0, 1, 0, 12)}",26
376951,2X11/2X11/2_ABS_SANI_TEE_HXHXH,026-001-005-ABS FITTINGS,forecasted,38,prophet,5.012881098903664,"[np.float64(3.481862034629087), np.float64(5.484293580053745), np.float64(4.268827862305019), np.float64(6.816540918626808)]",4,"{'changepoint_prior_scale': 0.05, 'seasonality_prior_scale': 1.0, 'seasonality_mode': 'additive'}",26
376979,3X2_ABS_LONG_TURN_TEE_WYE_HXHXH,026-001-005-ABS FITTINGS,forecasted,38,SARIMA,6.098323394596099,"[np.float64(6.549058630091019), np.float64(9.744349935308964), np.float64(3.441225930341712), np.float64(4.658659082642702)]",4,"{'order': (0, 1, 1), 'seasonal_order': (0, 1, 0, 12)}",26
377002,2_ABS_EL_221/2DEG_HXH,026-001-005-ABS FITTINGS,forecasted,38,prophet,3.786026625735553,"[np.float64(4.02538986139685), np.float64(2.366428103829713), np.float64(4.652503395008932), np.float64(4.099785142706716)]",4,"{'changepoint_prior_scale': 0.05, 'seasonality_prior_scale': 10.0, 'seasonality_mode': 'additive'}",26
377016,11/2_ABS_EL_221/2DEG_HXH,026-001-005-ABS FITTINGS,forecasted,38,prophet,4.886352302581276,"[np.float64(6.8885796430566595), np.float64(4.9539520396702725), np.float64(3.3263158164660696), np.float64(4.376561711132102)]",4,"{'changepoint_prior_scale': 0.1, 'seasonality_prior_scale': 5.0, 'seasonality_mode': 'additive'}",26
377033,2_ABS_EL_221/2DEG_STREET_HXSPG,026-001-005-ABS FITTINGS,forecasted,38,prophet,4.204423639272941,"[np.float64(7.983489721494282), np.float64(3.4015694091744075), np.float64(3.1024901688937563), np.float64(2.330145257529316)]",4,"{'changepoint_prior_scale': 0.1, 'seasonality_prior_scale': 10.0, 'seasonality_mode': 'additive'}",26
377050,11/2_ABS_EL_221/2DEG_STRT_HXSPG,026-001-005-ABS FITTINGS,forecasted,38,prophet,4.365410649350399,"[np.float64(8.280451316059201), np.float64(5.117335215540229), np.float64(1.869736764302292), np.float64(2.1941193014998754)]",4,"{'changepoint_prior_scale': 0.1, 'seasonality_prior_scale': 10.0, 'seasonality_mode': 'multiplicative'}",26
462690,11/2_ABS_LA_PTRN_PTRAP_W/UNION_HXSJ,026-001-005-ABS FITTINGS,forecasted,38,prophet,15.510489198414444,"[np.float64(16.254720839293704), np.float64(28.89045347833416), np.float64(10.436497555019713), np.float64(6.460284921010202)]",4,"{'changepoint_prior_scale': 0.1, 'seasonality_prior_scale': 5.0, 'seasonality_mode': 'additive'}",26
468398,11/2_ABS_EL_90DEG_STREET_HXSPG,026-001-005-ABS FITTINGS,forecasted,38,prophet,3.74329922727668,"[np.float64(6.343489906196166), np.float64(3.044327964450536), np.float64(4.014656531341433), np.float64(1.570722507118587)]",4,"{'changepoint_prior_scale': 0.1, 'seasonality_prior_scale': 5.0, 'seasonality_mode': 'multiplicative'}",26
472522,2_DWV_REPAIR_COUPLING_HXH,026-001-031-DWV FITTINGS,forecasted,38,prophet,2.4269617151517187,"[np.float64(3.230185643012482), np.float64(2.563580817099134), np.float64(1.4770782290243791), np.float64(2.43700217147088)]",4,"{'changepoint_prior_scale': 0.01, 'seasonality_prior_scale': 10.0, 'seasonality_mode': 'multiplicative'}",26
472654,3/4X1/2_CPVC_BUSHING_SPGXS,026-001-013-CPVC FITTINGS,forecasted,38,prophet,12.233005872659387,"[np.float64(6.778269593727081), np.float64(11.33272272599405), np.float64(6.232070942478394), np.float64(24.588960228438026)]",4,"{'changepoint_prior_scale': 0.1, 'seasonality_prior_scale': 1.0, 'seasonality_mode': 'multiplicative'}",26
535578,1X3/4_PVC_FEMALE_ADAPTER_SXFPT,026-001-003-PVC FITTINGS,forecasted,38,prophet,6.24484769381943,"[np.float64(9.904963770973419), np.float64(6.539513946710211), np.float64(2.1803957229130537), np.float64(6.354517334681037)]",4,"{'changepoint_prior_scale': 0.01, 'seasonality_prior_scale': 1.0, 'seasonality_mode': 'multiplicative'}",26
